passenger_id,passenger_name,contact_data
OKG28208,Maggee Kimmel,+30 6911828192
IXO29801,Nerissa Ayton,+30 6988273616
QUY74079,Kata Hiner,+30 6913719931
DAT42185,Chevalier Romand,+30 6992687658
BQI28458,Waverley Gillet,+30 6926922282
DPP62611,Nanine Sigart,+30 6990166144
LYI13198,Verge Gallifont,+30 6999748611
BHN12846,Patty Hollow,+30 6988099538
RNN74177,Jon Bealing,+30 6979728243
RUY81194,Kearney Broadbear,+30 6992176473
TWE27086,Nonnah Gettings,+30 6918377486
XOA06731,Dorian Grimbaldeston,+30 6942754280
BIU00020,Andrej Well,+30 6940132460
WDA75778,Maximo Ayliff,+30 6950782733
KXR27522,Mela Stamp,+30 6977286332
PIW42870,Gertie Grassett,+30 6959566223
FUL02011,Ally Pays,+30 6932987457
JBS06176,Mort Hanhard,+30 6967023654
MWQ23933,Gustavo Bollon,+30 6986253301
SHM42124,Niels Bantick,+30 6946466499
KFC54890,Peyton Aymeric,+30 6948184428
AAX43873,Datha Littley,+30 6967293881
FLI37796,Ceciley Beeho,+30 6931363580
IFG07202,Nathanil Peele,+30 6906158890
ZWU47044,Lotti Huriche,+30 6928524105
VVT90895,Lothaire Guisby,+30 6983011602
ZTN99865,Merrel Peery,+30 6931070146
BHH43906,Duffy Thickpenny,+30 6929803308
EUP39018,Kingsly Robak,+30 6961129066
IOG56808,La verne Havill,+30 6991186428
RTK41996,Denis McKean,+30 6923600054
RNJ89662,Clemens Rickert,+30 6987725856
RYF56699,Bank Scarre,+30 6940319819
AHT74994,Liesa Bickers,+30 6969335795
VHN56416,Holly Folker,+30 6925646697
KRJ29682,Eolanda Fenlon,+30 6987103721
PSO61956,Ibby Gelland,+30 6902723636
BZH14320,Sadie Cakebread,+30 6935225504
PMP94813,Obediah Madrell,+30 6984192843
PJP57473,Rodge Nickell,+30 6902648341
VHH30571,Rorke Dornan,+30 6988952959
JNN47754,Jonathon Warbys,+30 6968457045
ZSY48291,Hamlen Stedman,+30 6908768491
VEN43042,Trefor Karolewski,+30 6933913762
BGM09667,Alaster Jaggs,+30 6961490957
HXW39444,Ronald Rochford,+30 6987398801
LVX11508,Jodi Baudone,+30 6999631909
YSR78774,Judith Binch,+30 6938691348
SQL32642,Josefa Sadgrove,+30 6928091497
EYO53083,Carita Finlan,+30 6913618798
JKS64732,Elysia Kerrane,+30 6904426619
EFE28437,Lurleen Kinnar,+30 6915086647
YHO86617,Sindee Shevels,+30 6985752525
YID95637,Theresa Jancic,+30 6992867878
EOM16015,Hyacinthe Pratley,+30 6915842529
NGT61714,Johnnie Andrassy,+30 6956403082
EEX73856,Briana Belamy,+30 6958578785
CWQ42991,Clemente Othen,+30 6930706121
UNY73588,Tuckie Hutchison,+30 6935946213
YKZ53033,Meaghan Portal,+30 6996281840
KNB86603,Laurie Vowels,+30 6916017755
VRR74952,Quintus Pellissier,+30 6946270985
XWE55115,Vania Peiro,+30 6971599956
IFT90160,Galvan Strelitzki,+30 6954534081
LXX38549,Ginger Brownlee,+30 6975316305
ISC70394,Iago Gantlett,+30 6942639405
MLU65552,Sharleen Bowker,+30 6907321681
CIO48247,Claybourne Phelan,+30 6931151654
KPO59575,Berty Fradgley,+30 6991781873
SZV04737,Cristie Derrington,+30 6922980436
BTC45810,Kaylee Stapleton,+30 6969336367
XOY35184,Lillis Moreland,+30 6950551868
QYU75025,Shelden McGilroy,+30 6918547325
BYK17461,Bettine Chilley,+30 6923414576
BTX10111,Barbey O'Cosgra,+30 6907717549
XCO95722,Shelagh Cowill,+30 6954243638
TEB38186,Abagael Gero,+30 6931568449
IXD48396,Gibby Clawley,+30 6978365544
YHD94823,Baxter Reynoollds,+30 6906076105
BHR68618,Abby Mattocks,+30 6972912516
DBU58903,Dorelle Ashcroft,+30 6946190330
CZB80751,Thedrick Defew,+30 6946361920
ZXL95118,Maddy Cheasman,+30 6931013875
PIZ03232,Beale Penright,+30 6967797147
TRV18852,Hastie Macci,+30 6974292865
MCB80440,Cazzie Drinkall,+30 6908010396
XKL63716,Goldia Hagger,+30 6985122507
MTZ61921,Shirleen Parmiter,+30 6962815651
PGI51227,Horatia Elger,+30 6928171506
MTK54805,Ashleigh Geale,+30 6999502811
JQZ68955,Darya Harby,+30 6920547174
ZZL40002,Baxie Lace,+30 6980406753
CFI96567,Elizabet Huntington,+30 6990540002
UHT00129,Pavia Goodby,+30 6958225594
NOX19366,Michale Vinecombe,+30 6999611007
OQF68956,Clarinda MacKniely,+30 6903845077
OMS14441,Alfonso Smalley,+30 6933655344
RRK61956,Wilden Faas,+30 6937144707
NWX77710,Sebastien Hearley,+30 6956377186
FCF25020,Wes Chalcraft,+30 6916613189
SMA73478,Carlye Harflete,+30 6963201491
OKR96449,Rahel Inskipp,+30 6903555987
LVI15523,Johnathon Muddicliffe,+30 6945654583
TWA00841,Mile Mossdale,+30 6955849692
EMY07713,Burl Grisedale,+30 6916058078
NAP79602,Quinton McCloid,+30 6904883619
ZNB99294,Adela Wesson,+30 6927734353
OLJ74445,Lamont Sherrington,+30 6915112848
RFB08581,Suzette Ferreo,+30 6929240998
LDN27747,Dynah Decort,+30 6921747169
SEN87855,Dur Graves,+30 6965417466
FAS25284,Marji Swinney,+30 6926708969
NKU50911,Filmer Haibel,+30 6905877405
GPG01069,Andrea Canty,+30 6948978646
EYK40003,Electra Firmage,+30 6910278140
UNH46738,Kelli Faulo,+30 6983247110
WQQ10934,Lily Gueinn,+30 6953815983
FDB24661,Lynette Veltman,+30 6942088346
RHN80848,Grace Naptine,+30 6956632219
CDG44772,Elmira Beckitt,+30 6917405246
KEG84594,Suzie Josefsen,+30 6968339130
UFD65483,Jsandye Padden,+30 6960054741
IVS69301,Nanette Antonomolii,+30 6978141845
KOZ51082,Del Megroff,+30 6917714187
SQM62245,Tera Gillmor,+30 6950233288
JRF48199,Ebony Colthurst,+30 6990298470
WGC87155,Wallas Gley,+30 6904746762
LPA71092,Ethel Doward,+30 6979954772
BHZ00084,Bar Petras,+30 6903357955
AEH58074,Kellina Hatzar,+30 6960928640
CNK23979,Johnna Hogben,+30 6982691622
QNZ59009,Erminie Keyse,+30 6902416108
FLN23577,Kirstyn Gollin,+30 6986049896
LGD22729,Jada Neeve,+30 6932551099
BIR08421,Shauna McKeaveney,+30 6910596711
AMT06673,Harv Tyrwhitt,+30 6908543076
SCS25722,Linette Craighill,+30 6976206802
CKO70321,Jeanette Benner,+30 6980552822
WOC87765,Georgena Checcucci,+30 6947506807
NHL39042,Simonette Navein,+30 6961376425
PAV64001,Marnia Santorini,+30 6952318544
KDN76747,Salvador Dyhouse,+30 6989641881
SFP96105,Di Zylbermann,+30 6903935119
FSQ90007,Karia Gianninotti,+30 6952133955
FME74425,Ivar Dennitts,+30 6982065298
BHB69258,Gage Merigeau,+30 6947420170
YIF03867,Dotti Simonazzi,+30 6967638219
LEZ06437,Berkly Jeenes,+30 6968579878
TVJ15139,Roz Paireman,+30 6972998385
POZ00092,Catlaina Goldster,+30 6927162415
HFY66443,Jillian Haile,+30 6918052034
GKU64476,Gina Andriulis,+30 6991142157
ZBP00342,Benny Pratley,+30 6977179719
NHA94687,Nettle Cawtheray,+30 6926018001
BNO69778,Cchaddie Deshorts,+30 6999440903
PRT95803,Tony Sterland,+30 6960863884
CSQ99227,Taber Riply,+30 6938949035
MSA90337,Keene Riccardo,+30 6979814889
HYH01745,Consuela Stare,+30 6924748291
XFO96734,Prudy McKibbin,+30 6978849891
WMQ32096,Gasparo Wrefford,+30 6904533479
BBO90877,Elden Daenen,+30 6956269955
KIF68134,Giuditta Perillo,+30 6952047558
RYT42669,Orel Pauley,+30 6994208244
ZZV33159,Delphine Ruberry,+30 6984479325
OOW37978,Margaret Primak,+30 6970491270
RXX64669,Shayla Cromer,+30 6929141007
ZAY77503,Teodoor Meeron,+30 6954162787
PSF92036,Quintilla Birdsey,+30 6992182944
JUY05705,Wilmar Nellies,+30 6927756871
UUD21708,Andeee Matula,+30 6957001807
PFU54913,Eden Keetch,+30 6996973906
MIU06914,Teresa Briscoe,+30 6994792852
VOS93397,Elsie Chapple,+30 6956911915
CBJ06325,Lisabeth MacEveley,+30 6960498474
GDO42089,Valdemar Linck,+30 6906547914
EPN24395,Krystalle Rack,+30 6964250816
YNG87982,Ciro Cabral,+30 6947189265
MGJ42013,Eben Daldry,+30 6913680840
YSZ45684,Sidonnie Brahm,+30 6963698140
YOB82628,Goddard Pavolillo,+30 6915877544
UUE14245,Robinette Grent,+30 6982029456
BSO28222,Dall Edwardes,+30 6907071327
QZC10354,Heath Folliss,+30 6928828571
LPU64434,Ibbie Abramino,+30 6917954290
QTH37618,Krystle Summons,+30 6926954328
YCU85191,Stern Blackborough,+30 6938330235
LLC89525,Diann Sollam,+30 6932964376
ARC83477,Zena Coole,+30 6968480789
BZN07072,Bliss Ratt,+30 6946573766
PEU03571,Fredia Dinjes,+30 6997664691
ZYF78023,Elyn Enoch,+30 6946057644
SPJ74917,Bay Gorring,+30 6941787848
IKE37539,Aharon Catteroll,+30 6996301945
FDF27959,Regine D'Agostino,+30 6972400888
LKV68538,Marley Andric,+30 6977285224
JDI46806,Ann Wasylkiewicz,+30 6987418087
BWB74102,Manuel Langton,+30 6961818215
WBI83117,Pace Dudny,+30 6912253453
FSX87298,Roshelle Divver,+30 6984357734
MQT03299,Nisse Bank,+30 6984200324
JSW19934,Miguelita Faussett,+30 6971348510
VWG67979,Tricia Wash,+30 6902886550
SVH52122,Lana Heathcott,+30 6925338090
LRP17588,Gracie Nisby,+30 6990330832
DNG77013,Giacobo Dominici,+30 6915943789
VPG00019,Keefe Worts,+30 6956631224
MDI73031,Minta Stoker,+30 6984377504
UDN50551,Dominique Alfonzo,+30 6966274045
SIA75184,Carmelita Kenningley,+30 6918573287
JWX29323,Lise Tickner,+30 6986874712
OWQ72532,Berget Wingar,+30 6916464480
GLQ00405,Theresina O'Corrigane,+30 6963915428
YKP97785,Darya Garth,+30 6956018097
UXC24106,Wilbur Cope,+30 6911519916
OYA49614,Micheline Albers,+30 6937211783
XPB68965,Ted Cannam,+30 6943954958
QPH00258,Renault Germaine,+30 6973997148
YJQ67524,Junia Meryett,+30 6928367861
QZC13834,Stormie Whitwam,+30 6932238886
GLO85605,Valerie Planks,+30 6976356911
GSC34575,Cicely Spataro,+30 6947088672
GJF71088,Charita Muncer,+30 6906781424
QMN38303,Reggi Naulls,+30 6990693313
MNF81803,Howie Matterson,+30 6911069980
TRR50937,Marleah Karlolczak,+30 6981791772
XPI75699,Cirstoforo Hartup,+30 6955265346
QWV42662,Rosemaria Lougheed,+30 6974405690
GTK33521,Standford McCaighey,+30 6925303611
UBB08431,Owen Pyne,+30 6998590455
OTI73056,Merrie Verbeke,+30 6998953395
HDL41190,Nananne Adkins,+30 6989613334
HFL53347,Beaufort Zappel,+30 6918682031
EBB89987,Wittie Filshin,+30 6976899412
KXE14588,Chloe Chaddock,+30 6902415315
TSD75296,Jana Skea,+30 6924486911
AXX10266,Silvia Camamill,+30 6926725589
OIU04751,Noemi Ivakin,+30 6957970182
FJT29384,Keefer Schultes,+30 6956010596
VQA55922,Freddy Hebden,+30 6967045966
VSN21811,Erv Crombleholme,+30 6927812186
KQY97047,Christen Easterfield,+30 6966822898
UVZ74063,Gabe Cheake,+30 6973330240
AAP80927,Millard Elegood,+30 6904056458
OVP11290,Staford Ramage,+30 6990872991
PKN72477,Issie Geffe,+30 6919396816
ANL79045,Andreana Yakunkin,+30 6922652366
WJH76978,Barbara-anne Renfield,+30 6910737045
QCD04553,Manolo Bruster,+30 6910247172
KVD07344,Gareth Marskell,+30 6915573342
ZZQ64635,Lauralee Burnsyde,+30 6944128274
RBX17153,Brier Betton,+30 6960585729
GBW32196,Bernie Habden,+30 6948042032
VBX83272,Georas Henryson,+30 6934890260
HYT28453,Kelly Eddison,+30 6985964343
GHZ76973,Magda Hughman,+30 6974781890
EFG56513,Leann Hallum,+30 6922407210
KGK40157,Othilie Paff,+30 6922316447
BBV76124,Gert Insall,+30 6957862527
YOG67860,Hart Longlands,+30 6963250419
YQE39681,Karita Bartosek,+30 6932423065
VSH37456,Gertie Rendall,+30 6918676159
CKZ01681,Rocky Farrey,+30 6987026956
PIK26658,Reagan Adnams,+30 6999176625
BDM49948,Octavius Willmott,+30 6951595785
ILD22777,Camel MacCafferky,+30 6915249183
LCM32414,Sella Spurden,+30 6985135210
IXN23725,Diane Hearmon,+30 6990717091
VTT73478,Billie Stokey,+30 6923306346
PGQ67846,Dale Sawell,+30 6955687092
GPD23483,Orren Litchmore,+30 6986440717
OHQ04567,Brigid Ainger,+30 6955980835
MLH84944,Adair Miko,+30 6912245185
SYC31856,Isak Enefer,+30 6960555069
CPG52410,Heidie Jerger,+30 6968914722
YYB08936,Eduard Scougal,+30 6931548327
NBC90682,Hesther Agate,+30 6901387772
IWG66117,Kyla Sibbert,+30 6991873957
NOC39799,Luca McPhillips,+30 6917846696
BYD48495,Nico Dohmer,+30 6942413735
RPM37643,Ardelis Rosbottom,+30 6986591209
RWW16519,Gwenneth Mallion,+30 6927017073
ZUX50720,Amitie McShea,+30 6926344415
MYR50227,Rochelle Tarrier,+30 6997183543
FEX25793,Thatch Witch,+30 6900827236
FRX01566,Matias Feore,+30 6909500543
MPS02629,Archie Townsend,+30 6902537403
XKH78699,Norby Cowdray,+30 6978157430
XVI38225,Anjela Jesse,+30 6980376825
PCQ62432,Fields Jouhandeau,+30 6914543570
RUV69979,Brion Aldgate,+30 6923172606
YJB27588,Tarra Colbridge,+30 6993285168
KZP75956,Culver Slide,+30 6976554043
IMV17409,Far Hinnerk,+30 6924083351
YLR18410,Kevina Millhouse,+30 6922816961
KAO00486,Padriac Orritt,+30 6992958439
DPH75680,Sergio Parkes,+30 6902327180
DKX59637,Howard Scamp,+30 6908967189
BGI99002,Della Salliss,+30 6960953156
MKZ27715,Wildon Guilford,+30 6968677681
CRM24920,Juli Heimann,+30 6994038147
CMX35273,Carolyn Lahiff,+30 6988667782
OCI29964,Conchita Krolik,+30 6905842155
ECA37871,Salem Mabbe,+30 6962199095
NSL10421,Lorna Ayre,+30 6902754747
PVG20845,Feodor Pleace,+30 6928270650
DLI33737,Suzanne Aizikov,+30 6922463389
EIO28075,Keven Briamo,+30 6995030989
HAQ37153,Jaime Dearl,+30 6902402422
EFE99390,Culver Dawes,+30 6904692588
GFU25534,Walther McAster,+30 6955683166
ZIG08458,Richart Tysall,+30 6916054167
BOJ86389,Frank Gannicott,+30 6955330470
RCP38825,Opaline Besset,+30 6949972366
MOK27899,Janean Smethurst,+30 6946886702
TDF02468,Fredelia Stuke,+30 6992817899
OZC85193,Engracia Batchelour,+30 6952432401
CAA41052,Kissie Goodban,+30 6958503080
LWN22804,Dita Tupper,+30 6901723077
CGY17732,Darryl Pulman,+30 6986213802
HTH71001,Ricardo Ceely,+30 6964585913
TAB64389,Dionis Cutting,+30 6901309513
BOT70260,Heath Pressland,+30 6969816954
RDG09281,Sarene MacNair,+30 6974036331
ZDY99899,Benetta Stroder,+30 6969458573
WHG52940,Isabelita Eglese,+30 6996067466
BGK28584,Lavinie Mitchener,+30 6974025944
JRR81926,Theo Stuehmeier,+30 6946233015
WRV80713,Heddi Bottlestone,+30 6999256480
ZIT83005,Malynda Pringle,+30 6962294428
WGA42909,Erin Borg-Bartolo,+30 6947420049
NAZ61885,Penny Caze,+30 6953485143
OHT15328,Ellette Niece,+30 6900812100
HPY92731,Sharon Winkless,+30 6997483227
ROZ52490,Griffie Fusco,+30 6945044185
OCD09844,Forester Eldrid,+30 6914740642
UZK64214,Dehlia Burtonwood,+30 6960463074
GCY39323,Rinaldo Cleobury,+30 6944930478
ENF37732,Myles Queenborough,+30 6921569580
FTM08194,Davin Cromarty,+30 6930331289
SEM44335,Leeland Kalkhoven,+30 6928124552
JSP17756,Karel Feeham,+30 6998595423
KAF24427,Deedee Asple,+30 6994113713
TXL27735,Nealon Wollacott,+30 6920936179
QDH60851,Devora Codlin,+30 6988652217
RFA67756,Hermie Errichi,+30 6993676396
HIW45363,Klarrisa Whybrow,+30 6923049469
CQS39265,Lorilyn Melonby,+30 6904673367
QDI27376,Tann Vanyarkin,+30 6996128558
BFF99999,El Gierck,+30 6905853573
KRZ79426,Beret Torrisi,+30 6929033428
FRY50449,Field Walak,+30 6934812433
MBB90204,Bethena Narrie,+30 6942717646
KVK13366,Bonni de Leon,+30 6991464717
XWW45462,Bo Storr,+30 6946243470
SZU46129,Griz Quimby,+30 6980100029
JKZ50157,Sidonnie Bowry,+30 6987875179
QRK68585,Randie Hadcock,+30 6994949658
AJA08221,Dore Skewis,+30 6900555206
ATZ55961,Joyce Kincey,+30 6907855367
ONB81016,Renault Naulty,+30 6921046204
GVO16921,Lynda McOrkil,+30 6900938101
YYV45609,Maddi Gristhwaite,+30 6960958397
OEM51520,Fran Kingswood,+30 6914622161
YBC69613,Letitia Heinsen,+30 6930906046
BTL46642,Jaymie McHenry,+30 6922724821
FVH76816,Conrade Tabord,+30 6995574777
PRX82145,Anabella Forrestill,+30 6947383224
GCT82423,Reilly Bone,+30 6940074308
NDU29255,Elsa Slowley,+30 6945089221
FGL51146,Gerrard Cadreman,+30 6904661975
GRJ72415,Berkeley Pietrzyk,+30 6916235239
BRL67978,Freeland Iacopini,+30 6931093777
LFD35580,Mil Freeborn,+30 6976406411
PJR11811,Margie Baumler,+30 6916353588
BTI52211,Lou Swyer,+30 6986368591
OBM37431,Cart Tavinor,+30 6965800793
MUS57260,Grace Storks,+30 6940805936
WRJ71276,Florentia Screase,+30 6943111629
FLD17728,Saree Metrick,+30 6947527924
UUN76075,Esmeralda Edmand,+30 6923399153
EDY73655,Ingaborg Starmont,+30 6908892201
UAC16269,Christabel Cornils,+30 6971361200
XWM73326,Mirilla Cleyne,+30 6950501486
INH06694,Neal Horche,+30 6995520055
EUA24253,Wendel Howsego,+30 6901749539
OPE01538,Drusilla McCuish,+30 6956453962
BWD71811,Jodi Twyford,+30 6990377241
LMX07586,Fons Kaveney,+30 6925136872
SKR06299,Claribel Turn,+30 6978140261
FOX76853,Frederique Diment,+30 6912401804
SHP13428,Kele Welchman,+30 6979465341
LTM01816,Richmond Safhill,+30 6944120220
ERY99690,Kelcie Lock,+30 6916383913
NIL20660,Kermit Moorcraft,+30 6979304095
PZN35165,Mildred Ateridge,+30 6956655918
GRI00043,Phillie Relfe,+30 6995460023
RMW64284,Mort Wesley,+30 6935785869
NHB80803,Gabie Siddele,+30 6933338479
RJS47965,Joly Swancock,+30 6941673094
CPI83114,Harri Mauser,+30 6916878496
YXD27124,Daffi Wynrahame,+30 6965052073
TQZ16983,Westleigh Meiner,+30 6960195273
STW17663,Tandi Middleton,+30 6981108265
WTV98214,Tuesday Clemens,+30 6901150840
XLM20917,Arch Leborgne,+30 6975393247
LAH93699,Tani Sarge,+30 6932512298
XTN56671,Catherine Haberjam,+30 6916594872
NXX06491,Horatio Plessing,+30 6923691687
HOR02837,Liza MacKnocker,+30 6941671545
DXB14518,Nathanael Spritt,+30 6993911541
AOC08050,Gusta Manoelli,+30 6916876156
ONF37576,Marthena Vasovic,+30 6998028821
GWK66231,Kinnie Stirrup,+30 6980596668
ANX80780,Cari Czapla,+30 6933218849
REH05568,Darla Audas,+30 6953071103
WVC00493,Wilden Sawell,+30 6978401574
CDU72081,Brodie Freyne,+30 6988877874
DLF32087,Evelyn Hexham,+30 6916561134
GJY59873,Filippo Gladman,+30 6981133181
YMJ01823,Nari Caddock,+30 6906681227
JOJ71465,Angelico Kinworthy,+30 6901077029
CUX54703,Georgianna Thaller,+30 6911357109
SUV04026,Poul Beverstock,+30 6957105135
CZK80069,Val Coleridge,+30 6948808721
GUU31467,Terri Piggott,+30 6932301230
BDQ43499,Rita Truckell,+30 6978631070
WMA34436,Pepita Sheals,+30 6967353900
NMA16659,Zenia Dummett,+30 6909512793
BLC00210,Kiley Ruddle,+30 6912238211
RKN58247,Henry Germon,+30 6966461565
VFX97447,Lucia Sandey,+30 6980591502
RSB68961,Hartley Sotham,+30 6953206006
HTY04350,Zsa zsa Swanborough,+30 6972242829
YQD75261,Belinda Rabbe,+30 6939586184
NQA08182,Ulrikaumeko Rickards,+30 6944614020
AIU33973,Elbert Alenichicov,+30 6912430567
SZE84850,Olympia Rother,+30 6986139595
XXZ40706,Baillie Vanyukov,+30 6914493620
FNF28310,Cam Grouvel,+30 6937153407
PLR35696,Riobard Covolini,+30 6987500074
VZU16778,Devora Mingey,+30 6993572020
JOM59314,Renie Ellerton,+30 6900428563
RBO87648,Joellyn Popescu,+30 6991544343
CXC62249,Henrietta Pullin,+30 6954570357
XMT54883,Putnam Prestland,+30 6949071971
MIC59046,Valle Long,+30 6922238220
HAL13711,Jerrilee Lathan,+30 6933861831
FTK13090,D'arcy Fryer,+30 6952658284
ZYB00119,Laurena Gentzsch,+30 6971440133
MUF48930,Jeanine Brill,+30 6910792827
MQX01601,Modestine Emilien,+30 6946687276
LIK65447,Cos Tiuit,+30 6971435706
VON48488,Antonio Rosso,+30 6926871081
AME62975,George Mathy,+30 6959586890
SCZ51447,Joycelin Feige,+30 6983097086
ELE76871,Katee Sinisbury,+30 6991879198
LPU16532,Carma Osgar,+30 6995761926
SBM97989,Budd Ambrodi,+30 6949056828
WOS88099,Kimberlyn Divisek,+30 6984159863
MTG78013,Katleen Poynor,+30 6939976225
DDH60694,Marya Flynn,+30 6939660325
GPL18238,Raviv Michelotti,+30 6911409934
OSW44410,Othelia Banfield,+30 6976362014
XEN78708,Marta Shale,+30 6921175500
HZQ75791,Garnette Caig,+30 6901631432
WFI52572,Nathaniel Hulburd,+30 6954610555
AMB87016,Ginger Blei,+30 6985594268
NQZ29090,Lenee McCuffie,+30 6914625329
WUN38634,My Gascoyen,+30 6929972903
LIA67747,Michelina Howels,+30 6999027515
BID25585,Ashby Burchmore,+30 6944529978
DZQ42167,Keene Chesser,+30 6963997906
EOR60443,Ellette Mion,+30 6958552123
OMG82578,Tomi Borthwick,+30 6956548315
RZE34924,Montague Cruce,+30 6986098149
YZB50331,Kellen Dunsleve,+30 6970891043
VYH91797,Eddi Baud,+30 6911595526
UKE72602,Sancho Ferriday,+30 6999314518
NFN73681,Pablo Newhouse,+30 6970997869
GHT91177,Lee Winsper,+30 6927973837
DHR91187,Ira Penright,+30 6975068298
PFO25092,Joye Adriani,+30 6917335138
OLF08584,Atlante Rattery,+30 6999872920
FVD86820,Lucine Marwood,+30 6985125441
RXB36237,Maribeth Digle,+30 6987248534
TDV54832,Mireille Matiasek,+30 6946553119
MTE34119,Sybilla Dornan,+30 6971771048
SSZ14624,Eb Riddoch,+30 6906865797
BXT38847,Katerine Woolvett,+30 6944877384
QPO88778,Randie MacGillivray,+30 6988723605
CPP71750,Sanders Follis,+30 6986966843
GWS76796,Olivier Agass,+30 6913391498
NBF08918,Berti Abrahart,+30 6994109432
ZVO82136,Elane Champain,+30 6999171688
ZBY28551,Hi Woolager,+30 6904116407
FIS74660,Valenka Simonich,+30 6901070109
HKI22764,Arnold Dilke,+30 6964789594
VQH69238,Kissiah Ackhurst,+30 6908899070
FES40851,Fanni Poyner,+30 6942287885
