flight_id,seat_no,boarding_no,ticket_no
52,1Q,1,5715462806
65,1X,2,1751422708
94,0P,3,9556335556
32,5Q,4,9787125702
33,1A,5,273221505
73,1V,6,3863646373
80,8X,7,8589241614
47,9I,8,4157603349
97,0Q,9,2661644644
90,3G,10,760664307
67,9F,11,5760675730
98,0A,12,9174354116
41,2W,13,9973175857
95,5Z,14,6228593737
56,0V,15,1624163152
77,1A,16,7216480341
81,4V,17,5260135615
14,5D,18,3073613102
13,0A,19,1772468254
91,0T,20,5344103046
69,8Z,21,3738562478
85,7I,22,3056857974
72,4U,23,4198061104
93,9Q,24,2720867742
18,4N,25,4787017173
76,6M,26,8114327586
40,7U,27,8721319106
61,2N,28,3184870754
61,9V,29,374840104
46,9F,30,8750941206
91,0A,31,9184322868
45,9R,32,6891414936
55,2B,33,567720134
4,1N,34,4641263126
86,5U,35,1413429436
64,6E,36,6292420885
19,2V,37,7127583068
66,0M,38,1690739583
4,9Z,39,7988810133
57,5N,40,5243026667
2,2S,41,6575365167
17,0T,42,2090028424
6,8D,43,1253845010
74,0Q,44,4553521994
82,9B,45,4146688963
15,5G,46,6996794775
83,0Q,47,2062163737
37,6K,48,6897037105
39,2W,49,4968464554
42,9J,50,8616137061
84,3T,51,1868922328
20,2B,52,4242297159
11,7N,53,4610123840
71,0U,54,1979654457
75,1F,55,3816342657
27,0V,56,7725691006
23,4J,57,6655851884
96,7T,58,2772514614
49,6F,59,6750880255
68,4E,60,4143357701
7,3T,61,8615780017
61,2E,62,7128516380
9,7Y,63,7677708055
78,8X,64,7089621731
36,4O,65,2114715733
30,8Q,66,3575424449
22,4W,67,906589615
32,7P,68,7856498955
38,2F,69,8223710561
16,3K,70,2875607307
16,9P,71,5330378448
21,2M,72,9746999804
25,6Q,73,6489505859
25,0B,74,8355035846
34,1T,75,430381088
34,9D,76,8271373944
88,1G,77,7895906113
70,2O,78,8710494512
11,8Y,79,6404204480
43,2J,80,8756272451
8,5W,81,6674714801
44,8E,82,9944203950
5,5B,83,1186373732
79,1F,84,6581109366
12,7E,85,3060302312
24,2X,86,9405423790
26,9K,87,5379194805
99,6H,88,2567633000
51,8P,89,3773689570
10,9J,90,6804430965
28,9F,91,2674256837
28,2S,92,6210491184
95,0Z,93,5491161656
20,5Y,94,8782296898
12,3Y,95,1396382077
5,7B,96,9928047111
50,2C,97,8417463767
43,4T,98,6022584458
28,7N,99,7306762463
80,5L,100,3409361390
8,9E,101,9814987716
39,3Y,102,977462836
45,8P,103,4614830119
10,8F,104,8614806306
6,9S,105,6798347641
6,7C,106,1793446760
93,7K,107,6165860364
97,8D,108,9850961902
79,0E,109,209880530
47,5S,110,6884566538
14,4P,111,9893573291
26,3Y,112,8290065841
44,6H,113,7265662770
4,3K,114,411504728
99,6A,115,4989201566
16,1O,116,9507530659
4,7Q,117,8392637521
94,5K,118,1930158393
46,4D,119,6258594040
33,3T,120,5615321932
83,4R,121,5759836132
71,9P,122,4985089636
82,0A,123,9248276577
55,5J,124,3190181358
15,6B,125,5607828876
72,2K,126,6985757985
84,7C,127,631183330
21,3Z,128,4633698721
38,5L,129,6822188628
32,2G,130,9834763209
30,6I,131,9895574257
49,1V,132,508099073
25,3D,133,6367044278
98,6H,134,9890242988
75,2A,135,7953350050
2,5R,136,1191542496
29,5I,137,8187269615
66,2F,138,9859539103
18,0V,139,1804520855
13,5Y,140,5050008768
76,8F,141,7687622347
25,7P,142,6844582574
25,7C,143,3028233168
56,2Z,144,3348195335
19,6G,145,5624499920
11,8F,146,6649732798
88,5Q,147,836388880
69,0X,148,3555476554
52,8A,149,3130093361
37,4C,150,857077443
16,6H,151,6558994194
85,2O,152,8292526758
28,4S,153,1391400057
91,7K,154,7369280343
42,3J,155,6018351622
67,2R,156,6506393556
64,2N,157,1997334718
17,6K,158,2714216501
4,0G,159,3108084854
61,0O,160,9372518875
7,8K,161,5290180159
65,3D,162,5612373929
57,8W,163,6446006752
40,6W,164,4854851750
34,0H,165,4092004127
51,7M,166,9719572238
81,7M,167,3447051276
73,1Q,168,1560777372
27,9M,169,4407339776
5,5Y,170,5253661742
36,1X,171,8225312569
90,6E,172,2870771062
68,6N,173,802289035
96,7G,174,7176159836
77,5U,175,3350134986
24,3Q,176,2470314083
70,3G,177,4833807906
41,3W,178,1153056724
9,7U,179,8524770385
42,8R,180,2905128697
86,7N,181,3172709542
23,4E,182,6389184515
74,0X,183,6046889981
78,0T,184,7952403937
48,3T,185,4761779628
48,3D,186,7610786206
32,9V,187,889506895
34,4K,188,8010516620
22,5B,189,5671821077
48,0L,190,3671768748
80,4B,191,7376771246
71,2S,192,1571189000
9,1D,193,5018927946
77,2K,194,5405894161
19,3F,195,4095188980
25,3U,196,2696730423
78,3J,197,2870328251
13,2M,198,5996458906
15,8B,199,9337796196
67,1S,200,867574146
74,1A,201,8526901490
7,8X,202,7891830511
94,2U,203,1579245414
5,7L,204,1019754976
84,0L,205,2406443457
32,3A,206,6034183182
27,6W,207,3904785047
57,6K,208,238290920
34,3P,209,3918004313
99,5V,210,807440938
99,8T,211,4436890355
99,2Q,212,5227213266
30,3E,213,3082467883
93,7R,214,3510239629
10,2Y,215,8758928455
47,4T,216,9803930496
96,2W,217,5623559014
34,2H,218,7051928114
82,0L,219,8545224653
79,1Y,220,8057557983
40,7T,221,6302140640
75,1G,222,9236435800
68,6M,223,3779322279
25,2V,224,2298964239
64,0K,225,40563717
38,2N,226,9366848980
91,9M,227,7894426331
79,3F,228,4468817870
2,1J,229,6073316502
95,9T,230,2963616784
42,1P,231,997091540
86,7S,232,5852469586
76,3H,233,964518063
28,6M,234,6319346089
33,2L,235,1262064942
43,5K,236,4264822321
73,6R,237,6763542444
98,3N,238,7201547797
69,6C,239,5277386355
44,7O,240,8469659871
6,0A,241,2329773625
17,4Z,242,5604964858
46,4Z,243,5899944531
6,8X,244,1262812413
29,8O,245,704523617
4,4T,246,105392143
16,5T,247,3024520099
23,6A,248,4549215521
97,1V,249,6787157541
4,3R,251,6530685784
6,2A,252,4773937949
18,8E,253,6175141877
45,8Z,254,1826355927
88,1V,255,3106440682
28,0G,256,9185337197
37,7L,257,8632183936
49,2Q,258,1258706329
6,7Q,259,167721341
70,2L,260,8719705568
14,1I,261,6289987639
8,4U,262,2180244085
90,4J,263,8209057365
32,8K,264,9644319006
26,9I,265,829726837
52,2N,266,7512686617
48,4S,267,183915305
36,3H,268,7516378675
41,4W,269,5400052968
55,2Y,270,2269130354
81,9G,271,7652652251
39,3B,272,5247378194
20,8U,273,1979920408
12,9Y,274,1052036341
51,4M,275,9515095298
85,7U,276,1669982127
22,7I,277,1631139965
61,7G,278,4092023396
65,3K,279,2010960935
24,4B,280,8074374034
11,4A,281,4175610966
72,3Y,282,7469070221
25,3P,283,5296754810
56,6N,284,3249368462
27,3X,285,4454079193
91,2E,286,8069277922
61,2S,287,8685444482
18,0K,288,7631539584
34,2L,289,3374885071
52,9F,290,1792756404
80,2Q,291,2107309027
34,8A,292,6428243703
37,6L,293,3883892753
97,0P,294,8375123257
64,4B,295,3770450752
71,7S,296,2601411633
96,1V,297,453436534
6,0I,298,3157379766
6,2S,299,2559809158
11,5L,300,9414551995
7,8E,301,1572320173
51,1F,302,7143658498
29,9E,303,6932563484
16,9U,304,4525980453
36,6B,305,1600996264
75,7W,306,8265948346
38,2I,307,5536661611
65,2D,308,3022751917
67,6D,309,8704147118
25,2J,310,577492229
23,3K,311,7735530306
19,2B,312,4290084189
44,2K,313,8527325510
39,3U,314,1362356276
95,1J,315,6860700976
24,4M,316,9496335425
15,1D,317,8282591394
14,9I,318,7738084355
79,8S,319,7205067683
4,0Y,320,8501877405
85,2G,321,1761190781
55,1G,322,150466281
4,3T,323,4240784673
77,4H,324,5631825464
2,3F,325,6249544036
28,4U,326,8281233993
88,0G,327,2031154231
68,6K,328,7740453973
10,1V,329,627515474
8,1M,330,3259023312
82,6X,331,6868371749
43,3B,332,3750804182
30,0V,333,1600095539
83,4V,334,8233018682
98,5U,335,1595453640
86,5B,336,6431845118
56,0Z,337,5631691785
33,2F,338,3179969216
45,9D,339,3410680000
94,7J,340,7986986825
99,5N,341,6899510117
78,1T,342,3728653344
47,8U,343,3520089905
76,6X,344,6857710989
84,0X,345,6134948436
8,5X,346,3976263967
73,1D,347,8354518005
46,9A,348,8297261611
7,5A,349,5409292610
42,8P,350,5872419798
32,1I,351,2529968324
69,1R,352,2507030500
21,0Y,353,5653301629
74,6K,354,2570423559
20,3H,355,7065001200
9,0F,356,3493429290
81,2A,357,7934308587
90,4T,358,4324445322
99,0R,359,7190968909
50,5A,360,4943755266
13,8B,361,7125190782
49,2X,362,2244322832
93,8O,363,6983545766
41,2L,364,944438852
66,2O,365,6559448422
48,3P,366,8668395272
7,7Q,367,1062681928
17,4Q,368,7787671611
8,6A,369,7419817121
5,9O,370,6523212618
22,3C,371,3208335938
22,4K,372,668693726
26,3X,373,9113726157
26,3Z,374,2490437818
25,6R,375,5383143096
48,5H,376,1277137021
70,6A,377,9102050987
12,2O,378,3934378504
4,4Z,379,4715425671
4,3W,380,3357482110
98,6V,381,2270778606
49,3R,382,2535418019
65,4T,383,5872400716
5,1T,384,9426406949
38,0Y,385,6987617638
78,9Y,386,863617631
85,3O,387,43353690
99,8V,388,7575224099
57,0T,389,5551816697
76,9U,390,1745098139
10,7X,391,1076327320
82,5K,392,6808385551
72,7Y,393,9748641495
45,4G,394,1747111851
64,1E,395,165707707
23,2N,396,712445404
26,9Z,397,1889389785
98,6S,398,8027485499
90,8X,399,979990832
41,0Z,400,6920479943
33,7R,401,288794731
93,8R,402,8113614198
19,6Z,403,9163304846
9,0Y,404,9166114454
48,3A,405,6044401249
13,7A,406,3430034155
28,7K,407,6673249542
91,5R,408,9030754688
36,1P,409,9912339829
99,9H,410,1284787111
29,9O,411,3475180881
11,7Q,412,3797093667
46,9Z,413,1450853083
61,9I,414,7611764977
39,9B,415,6859884488
37,3A,416,5124684574
69,8K,417,7888301443
80,9H,418,8254227049
83,8I,419,7358519598
22,8M,420,285960849
2,6U,421,3034389594
44,7Q,422,6583746132
55,5O,423,8088236999
27,9S,424,1769274531
68,3Q,425,9367201990
95,6U,426,9254229654
20,4A,427,8908508283
73,3E,428,1609369312
42,3O,429,7411191769
96,2M,430,178175611
8,5T,431,3728443509
77,6D,432,9593865880
4,2L,433,8958772828
75,0I,434,3414127465
43,2V,435,3624107820
25,1F,436,1173364011
16,4B,437,9757500096
51,6L,438,229428755
32,3D,439,7949239906
71,1P,440,1568358992
21,8V,441,3076524439
14,2J,442,9461647573
7,4R,443,8655121136
57,1B,444,423533753
74,6A,445,6966105218
15,5O,446,5277639645
56,2H,447,2434660421
84,8Z,448,9204309269
17,6X,449,1726694602
61,5R,450,9888813240
61,0D,451,5301541704
61,7T,452,5117646490
86,1L,453,2395598127
67,9N,454,6342589843
30,9Y,455,4829491635
7,7Y,456,2017507924
94,6D,457,2438984493
79,8Z,458,1841452886
6,7V,459,1610054698
25,1W,460,7676658125
66,3U,461,4816718080
97,8Z,462,9274556982
40,6X,463,5415710038
48,9O,464,9317627235
24,4C,465,6600190983
88,7E,466,3190773648
81,5D,467,2768697232
18,5H,468,4317156195
52,7C,469,1168158999
47,0J,470,7576658125
25,7B,471,1143985711